,Supplier_Lead_Time,Inventory_Levels,Order_Frequency,Delivery_Performance,Cost_Per_Unit
Supplier_Lead_Time,1.0,0.17982430909240618,-0.8784030185016785,-0.9307615054297054,0.9659237806823711
Inventory_Levels,0.17982430909240618,1.0,-0.1212776010046536,-0.1639358226497146,0.20454640329823837
Order_Frequency,-0.8784030185016785,-0.1212776010046536,1.0,0.8000299160106951,-0.850896200426616
Delivery_Performance,-0.9307615054297054,-0.1639358226497146,0.8000299160106951,1.0,-0.9182851864353345
Cost_Per_Unit,0.9659237806823711,0.20454640329823837,-0.850896200426616,-0.9182851864353345,1.0
